"","Topic 1","Topic 2","Topic 3","Topic 4","Topic 5","Topic 6","Topic 7","Topic 8","Topic 9","Topic 10","Topic 11","Topic 12","Topic 13","Topic 14","Topic 15","Topic 16","Topic 17","Topic 18","Topic 19","Topic 20","Topic 21","Topic 22","Topic 23","Topic 24","Topic 25","Topic 26","Topic 27","Topic 28","Topic 29","Topic 30","Topic 31","Topic 32"
"1","ill","hate","work","home","school","night","much","girl","follow","will","still","fuck","miss","tonight","haha","bitch","well","new","life","come","let","ass","will","thank","wanna","take","nigga","talk","whi","today","watch","fuck"
"2","school","let","come","come","today","life","thank","today","thank","never","whi","let","watch","gonna","well","fuck","today","watch","never","ill","thank","miss","never","much","home","fuck","still","gonna","much","tonight","today","whi"
"3","girl","girl","night","much","wanna","let","never","come","still","much","tonight","life","wanna","never","whi","hate","home","follow","night","watch","haha","girl","haha","night","school","haha","much","will","ill","work","come","work"
"4","new","gonna","will","fuck","gonna","never","work","life","tonight","life","today","tonight","night","wanna","gonna","let","girl","tonight","girl","work","never","wanna","wanna","today","night","miss","miss","home","school","gonna","new","come"
"5","hate","today","whi","hate","talk","ill","today","thank","new","thank","haha","follow","never","watch","today","gonna","wanna","school","today","follow","ill","follow","fuck","whi","much","still","work","bitch","night","bitch","home","miss"
"6","still","much","thank","today","watch","will","whi","nigga","hate","fuck","bitch","watch","come","talk","miss","much","tonight","haha","take","tonight","tonight","life","girl","haha","tonight","work","will","follow","miss","new","still","thank"
"7","tonight","haha","today","well","bitch","girl","let","fuck","nigga","school","girl","come","new","whi","new","today","still","let","follow","still","night","home","tonight","school","take","tonight","ass","whi","today","ill","ill","ass"
"8","wanna","well","never","whi","will","today","new","wanna","work","ass","miss","nigga","life","new","bitch","ass","hate","never","talk","wanna","will","work","today","follow","gonna","life","tonight","work","fuck","will","miss","night"
"9","today","come","miss","night","miss","well","will","tonight","haha","work","wanna","night","thank","much","work","life","watch","come","watch","talk","take","today","well","life","work","thank","life","night","work","haha","nigga","tonight"
"10","take","life","school","watch","fuck","whi","nigga","watch","miss","nigga","let","bitch","tonight","ill","watch","girl","let","whi","bitch","well","hate","well","whi","new","still","come","let","today","still","well","gonna","ill"
"11","home","watch","life","ass","take","watch","follow","well","today","today","work","whi","today","today","much","talk","whi","home","much","nigga","today","whi","night","wanna","whi","new","gonna","well","home","watch","well","hate"
"12","never","will","new","bitch","home","ass","still","whi","whi","well","night","hate","well","well","still","well","night","wanna","well","today","well","night","watch","come","let","let","today","watch","follow","girl","whi","nigga"
"13","well","school","well","life","follow","bitch","night","night","well","whi","ass","today","whi","night","night","whi","ass","well","whi","whi","whi","watch","ass","well","well","much","fuck","ass","new","let","night","gonna"
"14","whi","whi","watch","nigga","well","nigga","wanna","ass","night","night","take","well","ass","ass","ass","night","bitch","life","ass","night","watch","bitch","bitch","ass","new","follow","take","life","gonna","whi","ass","today"
"15","night","night","ass","gonna","whi","gonna","well","bitch","watch","watch","much","ass","bitch","bitch","life","watch","life","much","nigga","ass","ass","nigga","life","bitch","haha","today","talk","nigga","well","night","bitch","well"
"16","watch","ass","bitch","girl","night","fuck","watch","gonna","ass","bitch","hate","gonna","nigga","life","nigga","nigga","nigga","girl","gonna","bitch","bitch","gonna","nigga","fuck","today","well","never","fuck","watch","ass","life","watch"
"17","ass","bitch","nigga","still","ass","still","ass","still","bitch","gonna","well","girl","gonna","nigga","fuck","still","gonna","will","fuck","life","life","fuck","gonna","girl","watch","whi","well","girl","ass","life","fuck","bitch"
"18","bitch","nigga","gonna","wanna","life","wanna","bitch","let","life","girl","watch","still","fuck","fuck","girl","wanna","fuck","still","still","gonna","nigga","still","still","still","ass","night","whi","still","bitch","nigga","girl","life"
"19","life","fuck","fuck","let","nigga","follow","life","follow","gonna","still","life","wanna","girl","girl","wanna","follow","follow","today","wanna","fuck","gonna","let","let","watch","bitch","watch","night","wanna","life","fuck","wanna","girl"
"20","nigga","still","girl","follow","girl","thank","gonna","will","fuck","wanna","nigga","thank","still","still","let","thank","thank","night","let","girl","fuck","thank","follow","nigga","life","ass","watch","let","nigga","still","let","still"
"21","gonna","wanna","still","thank","still","new","fuck","new","girl","let","gonna","will","let","let","follow","will","will","ass","thank","let","girl","will","thank","gonna","nigga","bitch","bitch","thank","girl","wanna","follow","wanna"
"22","fuck","follow","wanna","will","let","much","girl","much","wanna","follow","fuck","new","follow","follow","thank","new","new","bitch","will","thank","still","new","new","let","fuck","nigga","girl","new","wanna","follow","thank","let"
"23","let","thank","let","new","thank","take","take","take","let","new","follow","much","will","thank","will","take","much","nigga","new","will","wanna","much","much","will","girl","gonna","wanna","much","let","thank","will","follow"
"24","follow","new","follow","take","new","haha","haha","haha","will","take","thank","take","much","will","take","haha","take","gonna","haha","new","follow","take","take","take","follow","girl","follow","take","thank","much","much","will"
"25","thank","take","much","haha","much","tonight","tonight","miss","much","haha","will","haha","take","take","tonight","tonight","haha","fuck","tonight","much","new","haha","miss","tonight","thank","wanna","thank","haha","will","take","take","new"
"26","will","tonight","take","tonight","haha","miss","miss","home","take","tonight","new","miss","haha","haha","home","miss","miss","thank","miss","take","much","tonight","home","miss","will","will","new","tonight","take","miss","haha","much"
"27","much","miss","haha","miss","tonight","home","home","work","home","miss","home","home","home","miss","talk","home","work","take","home","haha","miss","talk","work","home","miss","home","haha","miss","haha","home","tonight","take"
"28","haha","home","tonight","work","work","work","talk","talk","talk","home","talk","work","work","home","never","work","talk","miss","work","miss","home","never","talk","work","talk","talk","home","never","tonight","talk","work","haha"
"29","miss","work","home","talk","never","talk","ill","never","never","talk","never","talk","talk","work","ill","never","never","work","ill","home","work","ill","ill","talk","never","never","ill","ill","talk","never","talk","home"
"30","work","talk","talk","never","ill","school","school","ill","ill","ill","ill","never","ill","school","school","ill","ill","talk","school","never","talk","school","school","never","ill","ill","school","school","never","school","never","talk"
"31","talk","never","ill","ill","come","come","come","school","school","come","school","ill","school","come","come","school","school","ill","come","school","school","come","come","ill","come","school","come","come","come","come","school","never"
"32","come","ill","hate","school","hate","hate","hate","hate","come","hate","come","school","hate","hate","hate","come","come","hate","hate","hate","come","hate","hate","hate","hate","hate","hate","hate","hate","hate","hate","school"
