"","Topic 1","Topic 2","Topic 3","Topic 4","Topic 5","Topic 6","Topic 7","Topic 8","Topic 9","Topic 10","Topic 11","Topic 12","Topic 13","Topic 14","Topic 15","Topic 16","Topic 17","Topic 18","Topic 19","Topic 20","Topic 21","Topic 22","Topic 23","Topic 24","Topic 25","Topic 26","Topic 27","Topic 28","Topic 29","Topic 30","Topic 31","Topic 32","Topic 33","Topic 34","Topic 35","Topic 36","Topic 37","Topic 38","Topic 39","Topic 40","Topic 41","Topic 42","Topic 43","Topic 44","Topic 45","Topic 46","Topic 47","Topic 48","Topic 49","Topic 50","Topic 51","Topic 52","Topic 53","Topic 54","Topic 55","Topic 56","Topic 57","Topic 58","Topic 59","Topic 60","Topic 61","Topic 62"
"1","cancel","hurricanesandi","readi","rain","tonight","name","night","flood","love","rain","lol","close","thought","night","halloween","tweet","lol","way","dure","call","befor","hous","fuck","whi","weather","tonight","away","prepar","fuck","watch","beach","want","citi","love","stop","flood","fuck","park","thing","god","damag","today","flood","better","bitch","bitch","flood","flood","flood","wait","flood","let","affect","tree","close","watch","live","well","flood","flood","away","flood"
"2","due","flood","bring","start","today","aint","last","alreadi","dure","start","flood","due","affect","last","cancel","dure","tree","god","thing","tweet","better","tree","bitch","gonna","hurricanesandi","gonna","blow","readi","prepar","news","hous","dure","hous","staysaf","gonna","street","bitch","tree","onli","keep","hous","hurricanesandi","water","wish","aint","aint","alreadi","street","water","way","water","keep","thought","hous","today","news","hurricanesandi","dure","live","watch","blow","water"
"3","staysaf","weather","stop","love","gonna","lol","befor","water","staysaf","way","stop","today","staysaf","befor","way","live","flood","water","onli","prepar","wish","damag","want","readi","watch","whi","bitch","bring","citi","love","wish","weather","bitch","bring","bring","alreadi","prepar","tweet","way","way","god","street","hurricanesandi","befor","want","tonight","dure","alreadi","keep","alreadi","let","gonna","staysaf","street","due","keep","weather","aint","water","hous","wait","street"
"4","alreadi","live","hurricanesandi","bring","flood","last","tonight","tweet","hurricanesandi","today","wait","name","let","affect","rain","gonna","gonna","onli","keep","hurricanesandi","want","prepar","alreadi","start","street","staysaf","cancel","hurricanesandi","today","weather","street","tweet","wait","wish","rain","tonight","start","befor","call","love","wish","watch","alreadi","watch","way","thing","bring","dure","citi","wish","alreadi","onli","cancel","thing","let","well","prepar","damag","dure","affect","hous","hous"
"5","fuck","prepar","prepar","alreadi","stop","hurricanesandi","bring","bring","cancel","citi","readi","night","live","keep","keep","tonight","bitch","street","flood","want","flood","lol","better","onli","rain","let","street","today","hurricanesandi","tweet","befor","bitch","tweet","let","lol","fuck","dure","staysaf","keep","onli","alreadi","stop","aint","flood","park","citi","way","wish","alreadi","god","citi","weather","fuck","live","live","fuck","rain","keep","damag","wish","watch","way"
"6","hurricanesandi","keep","citi","news","keep","halloween","news","staysaf","befor","love","rain","gonna","name","today","wait","thought","damag","away","stop","tonight","well","befor","hurricanesandi","today","befor","water","gonna","well","wish","want","start","cancel","stop","start","way","lol","better","dure","live","gonna","whi","thing","street","hous","tree","god","fuck","god","news","befor","gonna","thought","live","let","onli","bring","stop","whi","let","citi","rain","readi"
"7","halloween","way","onli","stop","rain","damag","aint","watch","stop","hous","today","affect","god","god","hurricanesandi","hurricanesandi","weather","gonna","gonna","flood","park","gonna","dure","away","way","affect","fuck","name","tonight","due","well","god","gonna","gonna","better","love","citi","prepar","dure","lol","aint","onli","lol","call","fuck","hurricanesandi","damag","hurricanesandi","watch","rain","hous","way","due","watch","tree","alreadi","let","hous","way","readi","befor","want"
"8","water","street","tonight","readi","tweet","prepar","lol","affect","way","aint","prepar","away","wish","want","bitch","readi","citi","lol","blow","live","call","well","away","let","live","today","watch","hous","staysaf","befor","prepar","hurricanesandi","last","aint","tweet","rain","thing","affect","hurricanesandi","let","staysaf","well","prepar","street","tweet","watch","today","call","well","well","way","affect","way","way","better","befor","watch","fuck","prepar","well","god","citi"
"9","better","bring","befor","dure","want","weather","tree","prepar","flood","better","aint","blow","watch","close","damag","lol","affect","halloween","bring","today","bitch","hurricanesandi","water","staysaf","away","street","name","better","better","flood","gonna","affect","better","tweet","wait","onli","close","tonight","halloween","park","gonna","bitch","start","last","alreadi","prepar","better","prepar","last","keep","love","watch","keep","rain","hous","close","citi","cancel","start","god","bitch","tweet"
"10","start","name","bitch","aint","staysaf","water","park","live","damag","tonight","blow","water","away","tree","citi","halloween","better","close","wait","due","let","let","prepar","bitch","wish","onli","want","weather","cancel","name","due","last","blow","god","affect","better","well","hous","lol","well","readi","befor","close","bring","street","street","whi","water","hous","lol","god","want","thing","dure","wait","aint","lol","gonna","cancel","away","weather","damag"
"11","way","whi","aint","let","wish","well","stop","tonight","god","live","onli","beach","onli","whi","today","cancel","fuck","love","live","bring","bring","blow","street","tonight","night","thought","aint","befor","beach","bitch","tonight","befor","due","whi","halloween","well","stop","keep","street","thought","water","cancel","thought","thought","due","want","night","readi","tweet","beach","away","cancel","away","last","alreadi","today","readi","start","keep","call","park","today"
"12","tonight","citi","tree","tonight","let","today","call","rain","last","affect","tonight","watch","gonna","stop","water","bitch","god","news","whi","news","weather","water","tree","fuck","onli","readi","thought","flood","love","better","tree","well","way","better","news","park","hurricanesandi","start","stop","fuck","lol","wait","cancel","start","today","flood","wait","thing","wait","weather","live","last","prepar","better","befor","god","water","watch","tonight","park","love","tree"
"13","news","hous","dure","last","cancel","befor","flood","last","call","water","thought","flood","news","staysaf","away","stop","onli","park","love","street","fuck","whi","god","love","let","befor","let","water","gonna","live","news","live","bring","name","tonight","close","keep","alreadi","tonight","hous","rain","news","beach","today","close","water","readi","keep","let","blow","tree","prepar","damag","onli","flood","thing","whi","hurricanesandi","god","whi","flood","wait"
"14","bring","halloween","lol","lol","watch","flood","water","thought","let","lol","halloween","way","last","tweet","staysaf","news","wish","affect","start","stop","today","dure","close","water","flood","flood","news","way","let","water","away","bring","fuck","today","night","bring","aint","watch","alreadi","wish","bring","flood","well","live","citi","way","tweet","live","want","staysaf","night","whi","befor","hurricanesandi","aint","last","tree","staysaf","tweet","water","alreadi","weather"
"15","bitch","wait","tweet","fuck","alreadi","way","rain","love","wish","beach","news","well","flood","halloween","dure","alreadi","night","wait","today","aint","thing","last","tweet","street","gonna","bring","park","lol","thought","way","call","thought","flood","fuck","watch","today","tonight","street","staysaf","whi","stop","water","live","tonight","god","well","love","beach","way","better","bring","bitch","park","call","rain","rain","due","alreadi","gonna","halloween","onli","keep"
"16","name","god","call","staysaf","god","rain","today","fuck","readi","stop","last","lol","water","tonight","flood","start","water","weather","affect","water","love","beach","weather","cancel","affect","bitch","love","rain","close","gonna","halloween","aint","water","water","whi","beach","rain","away","flood","better","better","god","citi","affect","whi","lol","god","lol","lol","love","affect","hous","flood","fuck","bring","wish","today","night","bitch","damag","tree","well"
"17","aint","today","damag","street","news","news","affect","start","onli","gonna","gonna","rain","way","citi","well","onli","way","let","aint","way","keep","affect","aint","wish","citi","prepar","call","news","thing","hurricanesandi","dure","night","well","wait","readi","hous","god","live","water","wait","befor","start","rain","away","blow","rain","gonna","name","rain","thing","prepar","call","water","staysaf","keep","want","street","flood","due","befor","water","lol"
"18","flood","stop","start","flood","bitch","wait","staysaf","tree","night","flood","damag","news","well","bring","lol","flood","well","keep","way","well","damag","keep","let","park","water","wish","hous","wait","night","well","flood","flood","lol","alreadi","onli","keep","wish","due","well","beach","dure","damag","call","keep","cancel","news","due","better","god","watch","keep","damag","well","flood","halloween","readi","start","water","readi","staysaf","way","rain"
"19","well","better","flood","water","wait","god","alreadi","hurricanesandi","water","well","god","wait","lol","alreadi","news","water","rain","beach","halloween","lol","water","park","due","want","well","way","night","god","flood","lol","water","water","rain","affect","staysaf","water","watch","cancel","rain","readi","flood","way","thing","water","lol","wait","cancel","aint","bring","hous","cancel","flood","lol","water","water","staysaf","blow","way","well","tree","well","news"
"20","lol","thing","rain","way","start","bring","name","befor","well","news","away","god","rain","gonna","god","way","news","alreadi","water","rain","way","weather","flood","wait","lol","well","flood","last","water","rain","way","way","news","due","flood","way","weather","flood","news","damag","way","alreadi","let","way","staysaf","last","last","citi","wish","today","well","water","rain","well","way","dure","flood","lol","lol","dure","lol","god"
"21","rain","damag","keep","well","water","tweet","due","citi","lol","wait","tweet","last","wait","onli","last","well","wait","blow","well","wait","lol","due","way","tree","news","lol","water","tweet","way","wait","lol","lol","god","night","water","news","halloween","water","wait","dure","well","lol","staysaf","well","flood","bring","name","way","name","street","lol","well","news","lol","well","flood","way","rain","rain","way","news","last"
"22","wait","tweet","let","wait","way","wish","way","beach","rain","god","watch","bring","bring","flood","bring","rain","last","better","lol","god","rain","flood","well","dure","wait","rain","way","wish","well","god","rain","rain","wish","flood","well","wait","let","way","god","flood","news","rain","way","lol","water","tweet","call","well","today","stop","rain","lol","wait","news","lol","water","well","news","news","lol","last","bring"
"23","god","beach","live","god","well","alreadi","well","night","news","last","live","tweet","tweet","water","tweet","wait","bring","flood","rain","last","news","way","lol","flood","god","news","well","alreadi","lol","last","wait","news","alreadi","way","god","god","live","well","last","water","wait","last","news","rain","well","wish","well","rain","beach","away","news","rain","god","wait","news","way","news","wait","wait","rain","bring","wish"
"24","last","love","due","tweet","lol","beach","wait","way","wait","bring","fuck","wish","alreadi","way","wish","god","tweet","well","news","wish","wait","rain","rain","rain","last","wait","lol","beach","rain","bring","god","wait","name","well","last","last","readi","lol","bring","rain","last","bring","wait","news","rain","alreadi","watch","news","park","live","wait","news","last","god","god","lol","wait","god","last","news","tweet","alreadi"
"25","tweet","night","water","wish","last","park","god","well","bring","tweet","cancel","alreadi","today","well","alreadi","last","alreadi","rain","god","alreadi","god","news","news","stop","bring","god","rain","park","news","wish","last","wish","today","lol","wish","tweet","flood","rain","tweet","news","tweet","tweet","god","wait","news","name","thing","wait","affect","due","last","wait","bring","bring","last","wait","god","last","bring","wait","wish","name"
"26","wish","dure","way","name","bring","watch","tweet","lol","tweet","wish","water","park","beach","lol","name","bring","name","last","last","name","last","wait","wait","live","tweet","last","wait","watch","wait","alreadi","bring","alreadi","beach","rain","alreadi","wish","water","news","wish","last","name","wish","last","god","wait","today","halloween","last","prepar","damag","tweet","god","tweet","tweet","tweet","tweet","last","bring","wish","last","name","beach"
"27","today","water","well","today","name","affect","wish","news","alreadi","alreadi","way","prepar","park","rain","beach","wish","today","bring","tweet","beach","tweet","god","last","way","alreadi","tweet","god","affect","god","today","tweet","name","park","news","name","name","way","wait","name","bring","today","name","bring","tweet","last","beach","water","bring","whi","cancel","wish","bring","wish","wish","wish","name","bring","tweet","alreadi","bring","today","park"
"28","beach","well","news","beach","beach","whi","beach","wait","name","name","well","whi","prepar","news","park","name","beach","tweet","wish","park","alreadi","bring","bring","well","name","alreadi","last","whi","last","beach","alreadi","today","watch","last","today","watch","lol","god","today","tweet","beach","beach","tweet","alreadi","bring","park","lol","tweet","street","flood","name","tweet","alreadi","alreadi","name","beach","tweet","wish","name","tweet","beach","watch"
"29","park","lol","wait","park","park","street","watch","god","today","park","bring","street","whi","wait","watch","today","park","wish","alreadi","watch","name","tweet","wish","lol","today","name","bring","street","bring","park","name","beach","affect","beach","beach","affect","news","last","beach","alreadi","park","park","wish","name","wish","affect","rain","today","thought","water","today","wish","name","name","beach","park","wish","name","today","alreadi","affect","affect"
"30","watch","rain","god","watch","affect","thought","prepar","wish","beach","watch","wish","thought","street","wish","affect","beach","watch","name","name","affect","beach","wish","name","news","beach","beach","tweet","thought","tweet","affect","today","park","prepar","park","park","prepar","wait","bring","park","name","watch","affect","name","beach","name","whi","news","park","stop","news","beach","alreadi","today","today","park","affect","alreadi","today","beach","name","prepar","prepar"
"31","affect","news","last","affect","prepar","stop","whi","name","park","prepar","alreadi","stop","stop","name","prepar","park","prepar","today","beach","whi","watch","alreadi","today","god","park","park","wish","stop","alreadi","prepar","park","watch","whi","watch","prepar","whi","last","wish","watch","today","affect","prepar","today","park","beach","thought","wish","watch","weather","last","park","name","beach","beach","watch","prepar","name","beach","park","today","whi","whi"
"32","prepar","last","wish","prepar","whi","gonna","street","today","watch","whi","name","weather","weather","beach","whi","watch","whi","watch","park","thought","affect","name","beach","last","prepar","watch","alreadi","gonna","name","whi","watch","prepar","street","prepar","street","thought","bring","name","affect","watch","prepar","whi","park","prepar","watch","stop","beach","affect","gonna","bring","watch","today","watch","park","affect","whi","beach","park","watch","beach","street","thought"
"33","whi","wish","alreadi","whi","street","away","thought","park","affect","street","beach","better","better","park","street","affect","street","prepar","watch","weather","prepar","today","park","bring","whi","stop","today","away","park","street","affect","whi","thought","street","thought","stop","tweet","today","prepar","affect","street","thought","watch","whi","affect","weather","park","whi","away","tweet","whi","beach","whi","affect","prepar","street","park","affect","affect","prepar","thought","stop"
"34","street","alreadi","name","thought","thought","better","weather","whi","prepar","thought","park","love","love","watch","thought","prepar","thought","whi","prepar","gonna","whi","watch","watch","tweet","thought","weather","beach","love","watch","thought","whi","street","weather","thought","weather","weather","alreadi","beach","whi","prepar","thought","weather","affect","stop","prepar","gonna","affect","thought","better","name","street","park","street","prepar","whi","thought","affect","prepar","whi","street","stop","gonna"
"35","thought","park","today","weather","weather","love","gonna","street","whi","weather","affect","bitch","close","prepar","stop","whi","stop","thought","street","away","street","street","affect","alreadi","stop","away","affect","close","affect","stop","thought","stop","away","stop","away","gonna","name","whi","thought","street","weather","gonna","whi","weather","thought","away","prepar","stop","love","park","thought","street","stop","whi","street","stop","thought","street","street","thought","gonna","away"
"36","stop","watch","beach","gonna","away","close","away","stop","street","away","whi","hurricanesandi","bitch","street","weather","street","away","stop","thought","better","thought","thought","whi","name","better","better","prepar","bitch","whi","away","stop","gonna","love","weather","love","away","today","thought","weather","stop","away","away","stop","gonna","stop","better","street","weather","close","affect","stop","stop","weather","thought","thought","weather","gonna","thought","thought","stop","better","better"
"37","weather","affect","park","away","better","bitch","better","weather","thought","close","street","call","hurricanesandi","thought","gonna","weather","love","bitch","weather","love","stop","stop","thought","beach","love","love","whi","call","street","close","weather","away","close","away","close","bitch","beach","stop","gonna","weather","love","better","weather","love","weather","love","thought","gonna","bitch","prepar","weather","away","gonna","stop","stop","gonna","away","stop","stop","weather","close","love"
"38","gonna","thought","watch","better","love","call","love","gonna","weather","bitch","weather","hous","call","weather","better","away","close","hurricanesandi","away","close","gonna","away","stop","watch","close","close","stop","start","stop","call","better","better","hurricanesandi","close","bitch","hurricanesandi","park","weather","away","away","close","love","gonna","close","gonna","close","stop","away","hurricanesandi","whi","better","better","better","weather","weather","away","better","weather","weather","gonna","hurricanesandi","close"
"39","away","gonna","affect","close","close","hous","close","away","gonna","hurricanesandi","better","start","hous","away","love","better","hurricanesandi","call","better","bitch","away","better","gonna","affect","bitch","hurricanesandi","weather","keep","weather","hous","love","love","call","bitch","hurricanesandi","call","affect","gonna","better","close","bitch","close","away","bitch","away","call","weather","love","call","thought","close","love","love","gonna","gonna","better","love","away","away","better","call","bitch"
"40","love","away","whi","bitch","hurricanesandi","start","bitch","better","away","call","love","keep","start","better","close","love","call","hous","close","hous","close","love","love","prepar","call","call","better","thing","away","start","close","close","start","hurricanesandi","call","start","whi","better","love","bitch","hurricanesandi","call","better","hurricanesandi","better","hous","away","close","start","gonna","bitch","close","close","away","away","love","close","better","better","love","start","hurricanesandi"
"41","close","close","street","hurricanesandi","call","keep","hurricanesandi","close","better","keep","close","thing","keep","love","call","close","hous","start","bitch","start","hurricanesandi","close","call","thought","hous","hous","close","halloween","bitch","keep","bitch","call","keep","call","hous","thing","street","love","close","hurricanesandi","call","hous","love","thing","love","start","close","bitch","thing","close","hurricanesandi","hurricanesandi","bitch","love","love","bitch","bitch","love","love","close","keep","call"
"42","call","bitch","thought","call","hous","thing","hous","bitch","close","thing","bitch","halloween","thing","bitch","hous","call","start","thing","hurricanesandi","keep","hous","bitch","hous","weather","start","start","hurricanesandi","want","call","thing","hurricanesandi","hous","thing","hous","start","halloween","thought","close","bitch","call","start","keep","bitch","halloween","hurricanesandi","keep","bitch","hous","halloween","bitch","call","start","hurricanesandi","close","bitch","hurricanesandi","call","close","close","bitch","thing","start"
"43","hous","call","weather","hous","thing","want","start","call","bitch","halloween","hurricanesandi","want","halloween","hurricanesandi","start","hous","keep","want","call","thing","start","call","start","better","keep","keep","start","aint","hous","halloween","keep","start","halloween","keep","keep","want","gonna","bitch","hous","start","keep","halloween","hous","want","call","halloween","hurricanesandi","start","aint","hurricanesandi","start","thing","call","bitch","hurricanesandi","call","hous","bitch","hurricanesandi","hurricanesandi","halloween","thing"
"44","keep","start","gonna","keep","halloween","let","keep","hous","hous","want","call","aint","want","call","thing","keep","thing","aint","hous","halloween","halloween","start","keep","close","thing","thing","keep","let","start","aint","thing","keep","want","thing","thing","aint","away","hurricanesandi","start","thing","thing","want","keep","aint","hous","let","hous","halloween","live","call","thing","halloween","hous","start","call","hous","keep","call","call","start","want","halloween"
"45","thing","want","away","thing","aint","live","thing","keep","start","let","hous","let","aint","hous","want","thing","halloween","live","want","let","aint","thing","thing","hurricanesandi","halloween","halloween","thing","live","keep","let","want","thing","aint","halloween","want","let","love","call","want","halloween","halloween","aint","halloween","let","start","live","start","want","due","start","halloween","aint","start","keep","start","start","thing","thing","hous","keep","aint","aint"
"46","want","aint","better","halloween","live","due","halloween","thing","keep","due","start","live","due","start","aint","want","want","due","let","readi","live","halloween","halloween","call","want","want","halloween","due","halloween","readi","aint","halloween","let","want","aint","live","call","thing","aint","want","want","let","want","due","keep","due","keep","let","readi","halloween","want","live","halloween","halloween","thing","halloween","halloween","halloween","thing","thing","let","let"
"47","let","let","love","want","due","readi","want","halloween","thing","readi","keep","readi","readi","thing","let","aint","aint","readi","due","night","due","want","live","hous","aint","aint","live","tonight","want","tonight","let","let","live","live","let","due","hous","halloween","let","aint","let","live","due","readi","thing","readi","want","due","tonight","want","aint","due","want","want","want","let","want","want","halloween","want","live","live"
"48","live","due","close","live","readi","tonight","let","want","halloween","night","thing","tonight","tonight","aint","live","let","let","tonight","readi","blow","readi","aint","readi","keep","due","live","due","night","aint","night","live","due","readi","readi","live","readi","want","want","due","live","live","due","readi","night","halloween","night","aint","tonight","night","aint","due","readi","aint","aint","readi","live","aint","let","want","aint","due","due"
"49","readi","readi","hous","due","night","night","live","aint","want","blow","want","damag","night","let","due","due","live","night","tonight","damag","tonight","live","tonight","thing","readi","due","readi","blow","live","blow","readi","readi","tonight","tonight","due","night","due","aint","readi","due","due","readi","tonight","blow","let","blow","let","night","blow","let","readi","tonight","let","due","tonight","due","tonight","live","aint","let","readi","tonight"
"50","night","tonight","thing","night","blow","blow","readi","let","aint","damag","let","onli","blow","live","readi","night","due","damag","night","onli","night","readi","night","halloween","tonight","night","tonight","damag","due","damag","night","tonight","night","blow","blow","blow","night","let","night","tonight","tonight","tonight","night","damag","live","damag","live","blow","damag","readi","tonight","night","readi","readi","night","tonight","night","due","night","live","tonight","night"
"51","blow","blow","halloween","blow","damag","onli","blow","due","live","onli","due","fuck","damag","due","tonight","blow","readi","fuck","damag","fuck","blow","tonight","blow","aint","blow","blow","damag","onli","readi","onli","blow","blow","damag","damag","damag","damag","blow","readi","blow","night","night","night","blow","onli","readi","onli","tonight","damag","onli","tonight","blow","blow","tonight","tonight","blow","night","damag","readi","blow","due","night","blow"
"52","damag","onli","want","damag","onli","fuck","damag","readi","due","fuck","night","befor","fuck","readi","night","damag","tonight","befor","fuck","befor","onli","night","damag","due","damag","damag","onli","fuck","blow","fuck","damag","damag","onli","onli","fuck","befor","damag","night","damag","blow","blow","blow","damag","fuck","tonight","fuck","blow","onli","fuck","night","damag","fuck","night","night","damag","blow","onli","tonight","onli","tonight","damag","onli"
"53","onli","fuck","night","onli","fuck","cancel","onli","blow","tonight","befor","befor","cancel","befor","blow","blow","fuck","blow","cancel","befor","cancel","cancel","onli","onli","night","fuck","fuck","befor","cancel","damag","cancel","onli","onli","befor","befor","befor","cancel","onli","blow","fuck","befor","onli","fuck","onli","cancel","night","befor","onli","fuck","befor","onli","onli","befor","blow","blow","fuck","damag","fuck","blow","fuck","night","fuck","fuck"
"54","befor","befor","blow","befor","befor","staysaf","fuck","damag","blow","cancel","staysaf","staysaf","cancel","damag","onli","befor","befor","staysaf","cancel","staysaf","staysaf","fuck","befor","blow","cancel","cancel","staysaf","staysaf","onli","staysaf","fuck","fuck","cancel","cancel","cancel","staysaf","befor","damag","befor","cancel","fuck","staysaf","fuck","staysaf","damag","cancel","befor","befor","cancel","fuck","fuck","staysaf","onli","damag","cancel","onli","befor","onli","befor","blow","cancel","befor"
"55","citi","cancel","fuck","cancel","citi","citi","cancel","onli","fuck","staysaf","citi","citi","citi","fuck","fuck","staysaf","cancel","citi","staysaf","citi","citi","cancel","cancel","damag","staysaf","citi","citi","citi","befor","citi","cancel","staysaf","staysaf","citi","citi","citi","cancel","onli","cancel","staysaf","cancel","citi","befor","citi","onli","staysaf","staysaf","cancel","staysaf","citi","befor","citi","citi","befor","staysaf","cancel","cancel","befor","staysaf","onli","staysaf","cancel"
"56","tree","staysaf","cancel","citi","tree","tree","citi","cancel","citi","tree","tree","tree","tree","cancel","befor","citi","staysaf","tree","citi","tree","tree","staysaf","staysaf","befor","tree","tree","tree","tree","tree","tree","staysaf","citi","tree","tree","tree","tree","staysaf","fuck","citi","citi","citi","tree","tree","tree","befor","tree","citi","staysaf","tree","tree","staysaf","tree","tree","cancel","citi","citi","staysaf","citi","citi","fuck","citi","staysaf"
"57","dure","tree","staysaf","tree","dure","dure","dure","dure","tree","dure","dure","dure","dure","dure","tree","tree","dure","dure","tree","dure","dure","citi","citi","citi","dure","dure","dure","dure","dure","dure","citi","tree","dure","dure","dure","dure","tree","citi","tree","tree","tree","dure","dure","dure","dure","dure","tree","tree","dure","dure","dure","dure","dure","citi","dure","tree","dure","tree","tree","cancel","dure","dure"
